URL,OCCURRENCES
/MMWebpage/b_assoc.gif,2
/MMWebpage/b_hist.gif,2
/MMWebpage/b_hist2.gif,2
/MMWebpage/b_home.gif,3
/MMWebpage/b_links.gif,2
/MMWebpage/b_pass.GIF,2
/MMWebpage/b_photos.gif,2
http://marauder.org/25div.gif,1
http://marauder.org/29AWD2.gif,1
http://marauder.org/2ndGen1.jpg,3
http://marauder.org/2ndGen2.jpg,3
http://marauder.org/37div.gif,1
http://marauder.org/442march.gif,1
http://marauder.org/75ranger.gif,1
http://marauder.org/75thRang.jpg,2
http://marauder.org/7div.gif,1
http://marauder.org/82airbrn.gif,1
http://marauder.org/ARTAWA.jpg,1
http://marauder.org/AmongInsurgents.jpg,1
http://marauder.org/Arlington.gif,1
http://marauder.org/AuxBanr2.GIF,1
http://marauder.org/AuxBanr3.GIF,8
http://marauder.org/BANNER.gif,1
http://marauder.org/BS.gif,1
http://marauder.org/Beach.gif,1
http://marauder.org/Blair.jpg,1
http://marauder.org/Branscom.gif,1
http://marauder.org/Bridge1.jpg,2
http://marauder.org/Brzstraw.gif,1
http://marauder.org/CBIVeteran.jpg,1
http://marauder.org/CIB.gif,1
http://marauder.org/Carr.jpg,1
http://marauder.org/Din_2.jpg,2
http://marauder.org/GOLDSAL4.jpg,1
http://marauder.org/GoldGrif.jpg,1
http://marauder.org/Grissom.gif,1
http://marauder.org/HalfStar.gif,60
http://marauder.org/HellOnLand.jpg,1
http://marauder.org/Hopkins.jpg,1
http://marauder.org/Hunter.gif,1
http://marauder.org/IMNlogo.gif,1
http://marauder.org/IMNmap.gif,1
http://marauder.org/IMNphoto.jpg,1
http://marauder.org/Image1.jpg,1
http://marauder.org/Image10.jpg,2
http://marauder.org/Image11.jpg,3
http://marauder.org/Image12.jpg,3
http://marauder.org/Image13.jpg,3
http://marauder.org/Image14.jpg,3
http://marauder.org/Image15.jpg,1
http://marauder.org/Image16.jpg,1
http://marauder.org/Image17.jpg,1
http://marauder.org/Image18.jpg,1
http://marauder.org/Image19.jpg,1
http://marauder.org/Image2.jpg,1
http://marauder.org/Image20.jpg,1
http://marauder.org/Image21.jpg,1
http://marauder.org/Image22.jpg,1
http://marauder.org/Image23.jpg,1
http://marauder.org/Image24.jpg,1
http://marauder.org/Image25.jpg,1
http://marauder.org/Image26.jpg,1
http://marauder.org/Image27.jpg,1
http://marauder.org/Image3.jpg,1
http://marauder.org/Image4.jpg,1
http://marauder.org/Image5.jpg,1
http://marauder.org/Image6.jpg,1
http://marauder.org/Image7.jpg,1
http://marauder.org/Image8.jpg,2
http://marauder.org/Image9.jpg,2
http://marauder.org/Indy500.jpg,1
http://marauder.org/JHopkins.jpg,2
http://marauder.org/Janis.gif,1
http://marauder.org/Johnson.jpg,1
http://marauder.org/Jules6.jpg,1
http://marauder.org/JungleWar.jpg,1
http://marauder.org/Katz.jpg,1
http://marauder.org/Kchart.jpg,1
http://marauder.org/Krations.jpg,1
http://marauder.org/LW_book.gif,1
http://marauder.org/LW_book2.gif,1
http://marauder.org/LWeston.jpg,2
http://marauder.org/Laffin.jpg,2
http://marauder.org/LtcKeen.jpg,2
http://marauder.org/MEDTITL.GIF,1
http://marauder.org/MMWebpage/b_home.gif,1
http://marauder.org/MMbanner.GIF,4
http://marauder.org/MMcrest4.gif,14
http://marauder.org/M_flag.gif,16
http://marauder.org/Matsumot.gif,1
http://marauder.org/McLogan.jpg,1
http://marauder.org/Mcgee.gif,1
http://marauder.org/Memroom1.jpg,2
http://marauder.org/Memroom2.jpg,2
http://marauder.org/Merrill.gif,2
http://marauder.org/Mnisei.gif,1
http://marauder.org/Msamurai.gif,2
http://marauder.org/NJAHS.gif,1
http://marauder.org/NiseiEmb.gif,2
http://marauder.org/Osborne.jpg,1
http://marauder.org/PDEmblemB.gif,2
http://marauder.org/Piazza.gif,1
http://marauder.org/Pung.gif,1
http://marauder.org/RT.gif,1
http://marauder.org/Regist_1.jpg,2
http://marauder.org/Reunion06/MMWebpage/b_assoc.gif,2
http://marauder.org/Reunion06/MMWebpage/b_hist.gif,2
http://marauder.org/Reunion06/MMWebpage/b_hist2.gif,2
http://marauder.org/Reunion06/MMWebpage/b_links.gif,2
http://marauder.org/Reunion06/MMWebpage/b_pass.GIF,2
http://marauder.org/Reunion06/MMWebpage/b_photos.gif,2
http://marauder.org/Rich_0.jpg,1
http://marauder.org/Rmatsumo.jpg,2
http://marauder.org/SGM_AWD.gif,1
http://marauder.org/Sphead.jpg,1
http://marauder.org/Squir_1.jpg,2
http://marauder.org/Squir_2.jpg,2
http://marauder.org/StLouis/Arch.jpg,2
http://marauder.org/StLouis/LGCrest.gif,2
http://marauder.org/StLouis/LgCrest.gif,2
http://marauder.org/StLouis/Lobby.jpg,1
http://marauder.org/StLouis/Map.gif,2
http://marauder.org/StLouis/OysterBar.jpg,2
http://marauder.org/StLouis/Pool.jpg,2
http://marauder.org/StLouis/Riverboat1.gif,2
http://marauder.org/StLouis/Room1.jpg,2
http://marauder.org/StLouis/Room2.jpg,2
http://marauder.org/StLouis/SheratonEmblem2.gif,6
http://marauder.org/StLouis/SheratonHotel1.jpg,2
http://marauder.org/StLouis/WestPort1.jpg,1
http://marauder.org/StLouis/Westport1.jpg,1
http://marauder.org/StLouis/b_form.gif,4
http://marauder.org/StLouis/fronteffect.gif,2
http://marauder.org/StLouis/lindberghplane.jpg,2
http://marauder.org/StLouis/lobby.jpg,1
http://marauder.org/TFPlink.jpg,1
http://marauder.org/TOP.gif,1
http://marauder.org/Top100AE.jpg,1
http://marauder.org/Tsubota.jpg,1
http://marauder.org/VF2ndG1.jpg,2
http://marauder.org/VF2ndG2.jpg,2
http://marauder.org/VF2ndG3.jpg,2
http://marauder.org/VF2ndG4.jpg,1
http://marauder.org/VFBnq2.jpg,1
http://marauder.org/VFBnq3.jpg,1
http://marauder.org/VFBnq4.jpg,1
http://marauder.org/VFBnq5.jpg,1
http://marauder.org/VFBnq6.jpg,1
http://marauder.org/VFBnq7.jpg,1
http://marauder.org/VFBnq8.jpg,1
http://marauder.org/VFClrGd3.jpg,1
http://marauder.org/VFHack.jpg,1
http://marauder.org/VFLogan.jpg,1
http://marauder.org/VFMaj2.jpg,1
http://marauder.org/VFMaj3.jpg,1
http://marauder.org/VFRgRm.jpg,1
http://marauder.org/VFRgRm2.jpg,1
http://marauder.org/VFRose.jpg,1
http://marauder.org/VFRoy.jpg,1
http://marauder.org/VFflag.jpg,1
http://marauder.org/VFflag2.jpg,1
http://marauder.org/WWcompet.jpg,1
http://marauder.org/Werner.jpg,1
http://marauder.org/Weston.gif,1
http://marauder.org/Wilson.gif,1
http://marauder.org/acs.gif,1
http://marauder.org/alpst694.gif,1
http://marauder.org/anim_bar.gif,1
http://marauder.org/arpuc.gif,1
http://marauder.org/arpuc.jpg,2
http://marauder.org/artytxt.gif,1
http://marauder.org/assocban4.gif,1
http://marauder.org/assochd.gif,1
http://marauder.org/awardB.gif,1
http://marauder.org/awrd1.jpg,1
http://marauder.org/b_G1.GIF,3
http://marauder.org/b_G2.GIF,1
http://marauder.org/b_G3.GIF,4
http://marauder.org/b_G4.GIF,4
http://marauder.org/b_G5.GIF,3
http://marauder.org/b_G6.gif,1
http://marauder.org/b_G7.gif,1
http://marauder.org/b_assoc.gif,42
http://marauder.org/b_awards.gif,1
http://marauder.org/b_batorg.gif,22
http://marauder.org/b_books.gif,22
http://marauder.org/b_bridge.gif,2
http://marauder.org/b_casual.gif,22
http://marauder.org/b_comic.gif,24
http://marauder.org/b_diary.gif,24
http://marauder.org/b_event.gif,1
http://marauder.org/b_hist.gif,40
http://marauder.org/b_hist2.gif,40
http://marauder.org/b_hist_g.gif,101
http://marauder.org/b_hof_g.gif,24
http://marauder.org/b_hof_r.gif,22
http://marauder.org/b_home.gif,40
http://marauder.org/b_hst2.gif,1
http://marauder.org/b_kratns.gif,24
http://marauder.org/b_links.gif,40
http://marauder.org/b_links2.gif,1
http://marauder.org/b_maps.gif,23
http://marauder.org/b_medic.gif,24
http://marauder.org/b_merril.gif,22
http://marauder.org/b_movie.gif,22
http://marauder.org/b_news.gif,32
http://marauder.org/b_nisei.gif,24
http://marauder.org/b_office.gif,1
http://marauder.org/b_pass.GIF,27
http://marauder.org/b_patch.gif,22
http://marauder.org/b_photos.gif,42
http://marauder.org/b_photos1.gif,16
http://marauder.org/b_photos2.gif,5
http://marauder.org/b_photos3.gif,18
http://marauder.org/b_poems.gif,22
http://marauder.org/b_return.gif,3
http://marauder.org/b_roundp.gif,25
http://marauder.org/b_so_3.gif,23
http://marauder.org/b_tlist.gif,41
http://marauder.org/b_weapon.gif,22
http://marauder.org/b_webrgs.gif,1
http://marauder.org/b_weston.gif,23
http://marauder.org/b_yank.gif,22
http://marauder.org/b_yank3.gif,8
http://marauder.org/back.gif,458
http://marauder.org/back01.gif,1
http://marauder.org/back04.gif,1
http://marauder.org/bar.gif,1
http://marauder.org/blackout.jpg,1
http://marauder.org/bobmail.gif,1
http://marauder.org/bobpass.jpg,1
http://marauder.org/bobpass2.jpg,1
http://marauder.org/book_01.gif,1
http://marauder.org/book_05.gif,1
http://marauder.org/book_08.gif,1
http://marauder.org/book_09.gif,1
http://marauder.org/book_10.gif,1
http://marauder.org/book_12.jpg,1
http://marauder.org/book_13.jpg,1
http://marauder.org/book_xx.gif,5
http://marauder.org/bridge02.jpg,1
http://marauder.org/bridge03.jpg,1
http://marauder.org/bridge04.jpg,1
http://marauder.org/bridge05.jpg,1
http://marauder.org/bridge06.jpg,1
http://marauder.org/bridge07.jpg,1
http://marauder.org/bridge08.jpg,1
http://marauder.org/bridge09.jpg,2
http://marauder.org/bridge10.jpg,1
http://marauder.org/bridge11.jpg,1
http://marauder.org/bridge12.jpg,1
http://marauder.org/bridge13.jpg,1
http://marauder.org/bridge14.jpg,1
http://marauder.org/bridge15.jpg,1
http://marauder.org/bridge16.jpg,1
http://marauder.org/bridge17.jpg,1
http://marauder.org/bridge18.jpg,1
http://marauder.org/bridge19.jpg,1
http://marauder.org/bridge20.jpg,1
http://marauder.org/bridge21.jpg,1
http://marauder.org/bridge22.jpg,1
http://marauder.org/bridge23.jpg,1
http://marauder.org/brnzstar.gif,1
http://marauder.org/cadetawd.jpg,1
http://marauder.org/cadetfdm.jpg,1
http://marauder.org/carbine.gif,1
http://marauder.org/cbi_mm.gif,2
http://marauder.org/cgi-bin/counter.pl?zero+inverse,1
http://marauder.org/cmb.gif,2
http://marauder.org/colt45.gif,1
http://marauder.org/combat.gif,2
http://marauder.org/coollist.gif,1
http://marauder.org/ctc.gif,1
http://marauder.org/dailnews.gif,4
http://marauder.org/dekids.jpg,1
http://marauder.org/delorey.jpg,1
http://marauder.org/dhomeprt.jpg,1
http://marauder.org/drill_1.gif,1
http://marauder.org/drill_2.gif,1
http://marauder.org/earl.jpg,1
http://marauder.org/fdm_jvs.jpg,1
http://marauder.org/flagbar.gif,135
http://marauder.org/flame6.gif,2
http://marauder.org/footer.gif,7
http://marauder.org/frcbannr.gif,1
http://marauder.org/frctitle.gif,1
http://marauder.org/furumoto.jpg,2
http://marauder.org/galahad.gif,1
http://marauder.org/garand.gif,1
http://marauder.org/genmeet.jpg,2
http://marauder.org/goforb.gif,1
http://marauder.org/gosho.gif,1
http://marauder.org/gosho.jpg,2
http://marauder.org/gyi.gif,1
http://marauder.org/halo3.gif,1
http://marauder.org/headline.jpg,1
http://marauder.org/hirabaya.jpg,2
http://marauder.org/history.gif,2
http://marauder.org/hnrvet2.jpg,1
http://marauder.org/hoffman.jpg,1
http://marauder.org/honda.jpg,1
http://marauder.org/hotel_1.gif,1
http://marauder.org/hrdvet1.jpg,1
http://marauder.org/hwglogo.gif,2
http://marauder.org/inf_pin.gif,1
http://marauder.org/iwawht.gif,2
http://marauder.org/kobata.jpg,2
http://marauder.org/kono.jpg,2
http://marauder.org/kukri.gif,1
http://marauder.org/landis.jpg,1
http://marauder.org/lctaward.gif,1
http://marauder.org/logo_1.gif,1
http://marauder.org/ltc_doch.gif,1
http://marauder.org/lubin.jpg,1
http://marauder.org/magictxt.gif,1
http://marauder.org/map01.jpg,1
http://marauder.org/map02.jpg,1
http://marauder.org/marty.jpg,1
http://marauder.org/masaw2a.jpg,1
http://marauder.org/mcg07.jpg,1
http://marauder.org/mcg10.jpg,1
http://marauder.org/mcg13.jpg,1
http://marauder.org/mcg18.jpg,1
http://marauder.org/mcg21.jpg,1
http://marauder.org/mcg24.jpg,1
http://marauder.org/mcg25.jpg,1
http://marauder.org/mcg28.jpg,1
http://marauder.org/mcg31.jpg,1
http://marauder.org/mcg35.jpg,1
http://marauder.org/mcg37.jpg,1
http://marauder.org/mcg40.jpg,1
http://marauder.org/medic01.gif,2
http://marauder.org/medic02.gif,2
http://marauder.org/medic03.gif,1
http://marauder.org/medic04.gif,1
http://marauder.org/medic05.gif,1
http://marauder.org/medic06.gif,1
http://marauder.org/medic07.gif,2
http://marauder.org/memwidev.jpg,1
http://marauder.org/merilawd.jpg,1
http://marauder.org/meritawd.gif,1
http://marauder.org/merrill1.gif,1
http://marauder.org/merrill3.gif,1
http://marauder.org/merrill4.gif,1
http://marauder.org/merrill5.gif,1
http://marauder.org/milaward.gif,1
http://marauder.org/milda.gif,1
http://marauder.org/minburma.gif,1
http://marauder.org/minute.gif,1
http://marauder.org/misohp.gif,1
http://marauder.org/mitsukad.jpg,2
http://marauder.org/miyazaki.jpg,2
http://marauder.org/mkid.jpg,1
http://marauder.org/mkidtxt.gif,1
http://marauder.org/mm.gif,1
http://marauder.org/mm_burma.jpg,1
http://marauder.org/mmagic.jpg,1
http://marauder.org/mmao.gif,1
http://marauder.org/mmc-01.jpg,1
http://marauder.org/mmc-02.jpg,1
http://marauder.org/mmc-03.jpg,1
http://marauder.org/mmc-04.jpg,1
http://marauder.org/mmc-05.jpg,1
http://marauder.org/mmc-06.jpg,1
http://marauder.org/mmc-07.jpg,1
http://marauder.org/mmc-08.jpg,1
http://marauder.org/mmc-09.jpg,1
http://marauder.org/mmc-10.jpg,1
http://marauder.org/mmc-11.jpg,1
http://marauder.org/mmc-12.jpg,1
http://marauder.org/mmc-13.jpg,1
http://marauder.org/mmc-14.jpg,1
http://marauder.org/mmc-15.jpg,1
http://marauder.org/mmc-16.jpg,1
http://marauder.org/mmc-17.jpg,1
http://marauder.org/mmc-18.jpg,1
http://marauder.org/mmc-19.jpg,1
http://marauder.org/mmc-20.jpg,1
http://marauder.org/mmc-21.jpg,1
http://marauder.org/mmc-22.jpg,1
http://marauder.org/mmc-23.jpg,1
http://marauder.org/mmc-24.jpg,1
http://marauder.org/mmc-25.jpg,1
http://marauder.org/mmc-26.jpg,1
http://marauder.org/mmc-27.jpg,1
http://marauder.org/mmc-28.jpg,1
http://marauder.org/mmc-29.jpg,1
http://marauder.org/mmc-30.jpg,1
http://marauder.org/mmc-31.jpg,1
http://marauder.org/mmc-32.jpg,1
http://marauder.org/mmc-covb.jpg,1
http://marauder.org/mmc-covf.jpg,1
http://marauder.org/mmcrest3.gif,2
http://marauder.org/mmlinks.gif,1
http://marauder.org/mmphoto.gif,4
http://marauder.org/mmtitle.gif,1
http://marauder.org/mmules.gif,1
http://marauder.org/movie01t.jpg,1
http://marauder.org/movie02t.jpg,1
http://marauder.org/movie03t.jpg,1
http://marauder.org/movie04t.jpg,1
http://marauder.org/movie05t.jpg,1
http://marauder.org/movie06t.jpg,1
http://marauder.org/movie07t.jpg,1
http://marauder.org/movie08t.jpg,1
http://marauder.org/movie09.jpg,1
http://marauder.org/movie0A.gif,1
http://marauder.org/movie0Ar.gif,1
http://marauder.org/movie0B.gif,1
http://marauder.org/movie0C.gif,1
http://marauder.org/movie10.jpg,1
http://marauder.org/movie11.jpg,1
http://marauder.org/movie12.jpg,1
http://marauder.org/mrl-bio.jpg,1
http://marauder.org/mrs_fdm.gif,1
http://marauder.org/mule.gif,1
http://marauder.org/mule_man.gif,1
http://marauder.org/nakada.jpg,2
http://marauder.org/nashvill.gif,1
http://marauder.org/new.gif,2
http://marauder.org/newhead.gif,2
http://marauder.org/next.gif,461
http://marauder.org/nhseal.gif,2
http://marauder.org/nvfox.gif,1
http://marauder.org/nynews.gif,3
http://marauder.org/nytimes.gif,1
http://marauder.org/nytimest.gif,1
http://marauder.org/opry1.gif,1
http://marauder.org/outstand.gif,1
http://marauder.org/pH_001.jpg,1
http://marauder.org/pH_002.jpg,1
http://marauder.org/pH_003.jpg,1
http://marauder.org/pH_004.jpg,1
http://marauder.org/pH_005.jpg,1
http://marauder.org/pH_006.jpg,1
http://marauder.org/pH_007.jpg,1
http://marauder.org/pH_008.jpg,1
http://marauder.org/pH_009.jpg,1
http://marauder.org/pH_010.jpg,1
http://marauder.org/pH_011.jpg,1
http://marauder.org/pH_012.jpg,1
http://marauder.org/pH_013.jpg,1
http://marauder.org/pH_014.jpg,1
http://marauder.org/pH_015.jpg,1
http://marauder.org/pH_016.jpg,1
http://marauder.org/pH_017.jpg,1
http://marauder.org/pH_018.jpg,1
http://marauder.org/pH_019.jpg,1
http://marauder.org/pH_020.jpg,1
http://marauder.org/pH_021.jpg,1
http://marauder.org/pH_023.jpg,1
http://marauder.org/pH_024.jpg,1
http://marauder.org/pH_025.jpg,1
http://marauder.org/pH_026.jpg,1
http://marauder.org/pH_027.jpg,1
http://marauder.org/pH_028.jpg,1
http://marauder.org/pH_029.jpg,1
http://marauder.org/pH_030.jpg,1
http://marauder.org/pH_031.jpg,1
http://marauder.org/pH_032.jpg,1
http://marauder.org/pH_033.jpg,1
http://marauder.org/pH_034.jpg,1
http://marauder.org/pH_035.jpg,1
http://marauder.org/pH_036.jpg,1
http://marauder.org/pH_037.jpg,1
http://marauder.org/pH_038.jpg,1
http://marauder.org/pH_039.jpg,1
http://marauder.org/pH_040.jpg,1
http://marauder.org/pH_041.jpg,1
http://marauder.org/pH_042.jpg,1
http://marauder.org/pH_043.jpg,1
http://marauder.org/pH_044.jpg,1
http://marauder.org/pH_045.jpg,1
http://marauder.org/pH_046.jpg,1
http://marauder.org/pH_047.jpg,1
http://marauder.org/pH_048.jpg,1
http://marauder.org/pH_049.jpg,1
http://marauder.org/pH_051.jpg,1
http://marauder.org/pH_052.jpg,1
http://marauder.org/pH_053.jpg,1
http://marauder.org/pH_054.jpg,1
http://marauder.org/pH_055.jpg,1
http://marauder.org/pH_056.jpg,1
http://marauder.org/pH_057.jpg,1
http://marauder.org/pH_058.jpg,1
http://marauder.org/pH_059.jpg,1
http://marauder.org/pH_060.jpg,1
http://marauder.org/pH_061.jpg,1
http://marauder.org/pH_062.jpg,1
http://marauder.org/pH_063.jpg,1
http://marauder.org/pH_064.jpg,1
http://marauder.org/pH_065.jpg,1
http://marauder.org/pH_066.jpg,1
http://marauder.org/pH_067.jpg,1
http://marauder.org/pH_068.jpg,1
http://marauder.org/pH_069.jpg,1
http://marauder.org/pH_070.jpg,1
http://marauder.org/pH_071.jpg,1
http://marauder.org/pH_072.jpg,1
http://marauder.org/pH_073.jpg,1
http://marauder.org/pH_074.jpg,1
http://marauder.org/pH_075.jpg,1
http://marauder.org/pH_076.jpg,1
http://marauder.org/pH_077.jpg,1
http://marauder.org/pH_078.jpg,1
http://marauder.org/pH_079.jpg,1
http://marauder.org/pH_080.jpg,1
http://marauder.org/pH_081.jpg,1
http://marauder.org/pH_082.jpg,1
http://marauder.org/pH_083.jpg,1
http://marauder.org/pH_084.jpg,1
http://marauder.org/pH_085.jpg,1
http://marauder.org/pH_086.jpg,1
http://marauder.org/pH_087.jpg,1
http://marauder.org/pH_088.jpg,1
http://marauder.org/pH_089.jpg,1
http://marauder.org/pH_090.jpg,1
http://marauder.org/pH_091.jpg,1
http://marauder.org/pH_092.jpg,1
http://marauder.org/pH_093.jpg,1
http://marauder.org/pH_094.jpg,1
http://marauder.org/pH_095.jpg,1
http://marauder.org/pH_096.jpg,1
http://marauder.org/pH_097.jpg,1
http://marauder.org/pH_098.jpg,1
http://marauder.org/pH_099.jpg,1
http://marauder.org/pH_100.jpg,1
http://marauder.org/pH_101.jpg,1
http://marauder.org/pH_102.jpg,1
http://marauder.org/pH_103.jpg,1
http://marauder.org/pH_104.jpg,1
http://marauder.org/pH_105.jpg,1
http://marauder.org/pH_106.jpg,1
http://marauder.org/pH_107.jpg,1
http://marauder.org/pH_108.jpg,1
http://marauder.org/pH_109.jpg,1
http://marauder.org/pH_110.jpg,1
http://marauder.org/pH_111.jpg,1
http://marauder.org/pH_112.jpg,1
http://marauder.org/pH_113.jpg,1
http://marauder.org/pH_114.jpg,1
http://marauder.org/pH_115.jpg,1
http://marauder.org/pH_116.jpg,1
http://marauder.org/pH_117.jpg,1
http://marauder.org/pH_118.jpg,1
http://marauder.org/pH_119.jpg,1
http://marauder.org/pH_120.jpg,1
http://marauder.org/pH_121.jpg,1
http://marauder.org/pH_122X.jpg,1
http://marauder.org/pH_123X.jpg,1
http://marauder.org/pH_124.jpg,1
http://marauder.org/pH_125.jpg,1
http://marauder.org/pH_126.jpg,1
http://marauder.org/pH_127.jpg,1
http://marauder.org/pH_128.jpg,1
http://marauder.org/pH_129.jpg,1
http://marauder.org/pH_130.jpg,1
http://marauder.org/pH_131.jpg,1
http://marauder.org/pH_132.jpg,1
http://marauder.org/pH_133.jpg,1
http://marauder.org/pH_134.jpg,1
http://marauder.org/pH_135.jpg,1
http://marauder.org/pH_136.jpg,1
http://marauder.org/pR_001.jpg,1
http://marauder.org/pR_002.jpg,1
http://marauder.org/pR_003.jpg,1
http://marauder.org/pR_004.jpg,1
http://marauder.org/pR_005.jpg,1
http://marauder.org/pR_006.jpg,1
http://marauder.org/pR_007.jpg,1
http://marauder.org/pR_008.jpg,1
http://marauder.org/pR_009.jpg,1
http://marauder.org/pR_010.jpg,1
http://marauder.org/pR_011.jpg,1
http://marauder.org/pR_012.jpg,1
http://marauder.org/pR_013.jpg,1
http://marauder.org/pR_014.jpg,1
http://marauder.org/pR_015.jpg,1
http://marauder.org/pR_016.jpg,1
http://marauder.org/pR_017.jpg,1
http://marauder.org/pR_018.jpg,1
http://marauder.org/pR_019.jpg,1
http://marauder.org/pR_021.jpg,1
http://marauder.org/pR_023.jpg,1
http://marauder.org/pR_024.jpg,1
http://marauder.org/pR_025.jpg,1
http://marauder.org/pR_026.jpg,1
http://marauder.org/pR_027.jpg,1
http://marauder.org/p_001.jpg,1
http://marauder.org/p_002.jpg,1
http://marauder.org/p_003.jpg,1
http://marauder.org/p_004.jpg,1
http://marauder.org/p_005.jpg,1
http://marauder.org/p_006.jpg,1
http://marauder.org/p_007.jpg,1
http://marauder.org/p_008.jpg,1
http://marauder.org/p_009.jpg,1
http://marauder.org/p_010.jpg,1
http://marauder.org/p_011.jpg,1
http://marauder.org/p_012.jpg,1
http://marauder.org/p_013.jpg,1
http://marauder.org/p_014.jpg,1
http://marauder.org/p_015.jpg,1
http://marauder.org/p_016.jpg,1
http://marauder.org/p_017.jpg,1
http://marauder.org/p_018.jpg,1
http://marauder.org/p_019.jpg,1
http://marauder.org/p_020.jpg,1
http://marauder.org/p_021.jpg,1
http://marauder.org/p_022.jpg,1
http://marauder.org/p_023.jpg,1
http://marauder.org/p_024.jpg,1
http://marauder.org/p_025.jpg,1
http://marauder.org/p_026.jpg,1
http://marauder.org/p_027.jpg,1
http://marauder.org/p_028.jpg,1
http://marauder.org/p_029.jpg,1
http://marauder.org/p_030.jpg,1
http://marauder.org/p_031.jpg,1
http://marauder.org/p_032.jpg,1
http://marauder.org/p_033.jpg,1
http://marauder.org/p_034.jpg,1
http://marauder.org/p_035.jpg,1
http://marauder.org/p_036.jpg,1
http://marauder.org/p_037.jpg,1
http://marauder.org/p_038.jpg,1
http://marauder.org/p_039.jpg,1
http://marauder.org/p_040.jpg,1
http://marauder.org/p_041.jpg,1
http://marauder.org/p_042.jpg,1
http://marauder.org/p_043.jpg,1
http://marauder.org/p_044.jpg,1
http://marauder.org/p_045.jpg,1
http://marauder.org/p_046.jpg,1
http://marauder.org/p_047.jpg,1
http://marauder.org/p_048.jpg,1
http://marauder.org/p_049.jpg,1
http://marauder.org/p_050.jpg,1
http://marauder.org/p_051.jpg,1
http://marauder.org/p_052.jpg,1
http://marauder.org/p_053.jpg,1
http://marauder.org/p_054.jpg,1
http://marauder.org/p_055.jpg,1
http://marauder.org/p_056.jpg,1
http://marauder.org/p_057.jpg,1
http://marauder.org/p_058.jpg,1
http://marauder.org/p_059.jpg,1
http://marauder.org/p_060.jpg,1
http://marauder.org/p_061.jpg,1
http://marauder.org/p_062.jpg,1
http://marauder.org/p_063.jpg,1
http://marauder.org/p_064.jpg,1
http://marauder.org/p_065.jpg,1
http://marauder.org/p_066.jpg,1
http://marauder.org/p_067.jpg,1
http://marauder.org/p_068.jpg,1
http://marauder.org/p_069.jpg,1
http://marauder.org/p_070.jpg,1
http://marauder.org/p_071.jpg,1
http://marauder.org/p_072.jpg,1
http://marauder.org/p_073.jpg,1
http://marauder.org/p_074.jpg,1
http://marauder.org/p_075.jpg,1
http://marauder.org/p_076.jpg,1
http://marauder.org/p_077.jpg,1
http://marauder.org/p_078.jpg,1
http://marauder.org/p_079.jpg,1
http://marauder.org/p_080.jpg,1
http://marauder.org/p_081.jpg,1
http://marauder.org/p_082.jpg,1
http://marauder.org/p_083.jpg,1
http://marauder.org/p_084.jpg,1
http://marauder.org/p_085.jpg,1
http://marauder.org/p_086.jpg,1
http://marauder.org/p_087.jpg,1
http://marauder.org/p_088.jpg,1
http://marauder.org/p_089.jpg,1
http://marauder.org/p_090.jpg,1
http://marauder.org/p_091.jpg,1
http://marauder.org/p_092.jpg,1
http://marauder.org/p_093.jpg,1
http://marauder.org/p_094.jpg,1
http://marauder.org/p_095.jpg,1
http://marauder.org/p_096.jpg,1
http://marauder.org/p_097.jpg,1
http://marauder.org/p_098.jpg,1
http://marauder.org/p_099.jpg,1
http://marauder.org/p_100.jpg,1
http://marauder.org/p_101.jpg,1
http://marauder.org/p_102.jpg,1
http://marauder.org/p_103.jpg,1
http://marauder.org/p_104.jpg,1
http://marauder.org/p_105.jpg,1
http://marauder.org/p_106.jpg,1
http://marauder.org/p_107.jpg,1
http://marauder.org/p_108.jpg,1
http://marauder.org/p_109.jpg,1
http://marauder.org/p_110.jpg,1
http://marauder.org/p_111.jpg,1
http://marauder.org/p_112.jpg,1
http://marauder.org/p_113.jpg,1
http://marauder.org/p_114.jpg,1
http://marauder.org/p_115.jpg,1
http://marauder.org/p_116.jpg,1
http://marauder.org/p_117.jpg,1
http://marauder.org/p_118.jpg,1
http://marauder.org/p_119.jpg,1
http://marauder.org/p_120.jpg,1
http://marauder.org/p_121.jpg,1
http://marauder.org/p_122.jpg,1
http://marauder.org/p_123.jpg,1
http://marauder.org/p_124.jpg,1
http://marauder.org/p_125.jpg,1
http://marauder.org/p_126.jpg,1
http://marauder.org/p_127.jpg,1
http://marauder.org/p_128.jpg,1
http://marauder.org/p_129.jpg,1
http://marauder.org/p_130.jpg,1
http://marauder.org/p_131.jpg,1
http://marauder.org/p_132.jpg,1
http://marauder.org/p_133.jpg,1
http://marauder.org/p_134.jpg,1
http://marauder.org/p_135.jpg,1
http://marauder.org/p_136.jpg,1
http://marauder.org/p_137.jpg,1
http://marauder.org/p_138.jpg,1
http://marauder.org/p_140.jpg,1
http://marauder.org/p_141.jpg,1
http://marauder.org/p_142.jpg,1
http://marauder.org/p_143.jpg,1
http://marauder.org/p_144.jpg,1
http://marauder.org/packarty.jpg,1
http://marauder.org/patawd1.jpg,1
http://marauder.org/patch.gif,7
http://marauder.org/patch_01.gif,2
http://marauder.org/patch_bt.gif,1
http://marauder.org/patchtl2.gif,2
http://marauder.org/pb_1.gif,52
http://marauder.org/pb_10.gif,50
http://marauder.org/pb_11.gif,50
http://marauder.org/pb_12.gif,50
http://marauder.org/pb_13.gif,59
http://marauder.org/pb_14.gif,47
http://marauder.org/pb_15.gif,28
http://marauder.org/pb_16.gif,26
http://marauder.org/pb_1R.gif,10
http://marauder.org/pb_2.gif,51
http://marauder.org/pb_2R.gif,11
http://marauder.org/pb_3.gif,49
http://marauder.org/pb_3R.gif,9
http://marauder.org/pb_4.gif,50
http://marauder.org/pb_5.gif,50
http://marauder.org/pb_6.gif,49
http://marauder.org/pb_7.gif,50
http://marauder.org/pb_8.gif,50
http://marauder.org/pb_9.gif,50
http://marauder.org/photo.jpg,1
http://marauder.org/photptch.gif,2
http://marauder.org/pin_cbi.gif,1
http://marauder.org/pin_mm.gif,1
http://marauder.org/proethic.gif,2
http://marauder.org/ptch_01.gif,1
http://marauder.org/ptch_02.gif,1
http://marauder.org/ptch_03.gif,1
http://marauder.org/ptch_04.gif,1
http://marauder.org/ptch_05.gif,1
http://marauder.org/ptch_06.gif,1
http://marauder.org/ptch_07.gif,1
http://marauder.org/ptch_08.gif,1
http://marauder.org/ptch_09.gif,1
http://marauder.org/ptch_10.gif,1
http://marauder.org/ptch_11.gif,1
http://marauder.org/ptch_12.gif,1
http://marauder.org/ptch_13.gif,1
http://marauder.org/ptch_14.gif,1
http://marauder.org/ptch_15.gif,1
http://marauder.org/ptch_16.gif,1
http://marauder.org/ptch_17.gif,1
http://marauder.org/ptch_18.gif,1
http://marauder.org/ptch_75i.gif,1
http://marauder.org/ptch_75r.gif,1
http://marauder.org/ptch_LR.gif,1
http://marauder.org/ptch_c01.gif,1
http://marauder.org/ptch_c03.gif,1
http://marauder.org/ptch_c04.gif,1
http://marauder.org/ptch_c05.gif,1
http://marauder.org/ptch_c06.gif,1
http://marauder.org/ptch_m04.gif,1
http://marauder.org/ptch_m05.gif,1
http://marauder.org/ptch_mtf.gif,1
http://marauder.org/ranger_r.gif,1
http://marauder.org/rangrtab.gif,2
http://marauder.org/rhof3.gif,2
http://marauder.org/ribbon1.gif,1
http://marauder.org/ribbon2.gif,1
http://marauder.org/ribbon3.gif,1
http://marauder.org/ribbon4.gif,1
http://marauder.org/rivrboat.gif,1
http://marauder.org/round24.jpg,1
http://marauder.org/roundup.gif,1
http://marauder.org/ryman.gif,1
http://marauder.org/sgtacker.jpg,1
http://marauder.org/sntryawd.jpg,1
http://marauder.org/so3_01a.jpg,1
http://marauder.org/so3_02a.jpg,1
http://marauder.org/so3_03a.jpg,1
http://marauder.org/so3_04a.jpg,1
http://marauder.org/so3_05a.jpg,1
http://marauder.org/so3_06a.jpg,1
http://marauder.org/so3_07a.jpg,1
http://marauder.org/so3_08a.jpg,1
http://marauder.org/so3_09a.jpg,1
http://marauder.org/so3_10a.jpg,1
http://marauder.org/so3_11a.jpg,1
http://marauder.org/so3_12a.jpg,1
http://marauder.org/so3_13a.jpg,1
http://marauder.org/so3_14a.jpg,1
http://marauder.org/so3_15a.jpg,1
http://marauder.org/so3_16a.jpg,1
http://marauder.org/so3_17a.jpg,1
http://marauder.org/so3_18a.jpg,1
http://marauder.org/so3_19a.jpg,1
http://marauder.org/so3_20a.jpg,1
http://marauder.org/so3_21a.jpg,1
http://marauder.org/so3_22a.jpg,1
http://marauder.org/so3_23a.jpg,1
http://marauder.org/so3_24a.jpg,1
http://marauder.org/so3_25a.jpg,1
http://marauder.org/so3_26a.jpg,1
http://marauder.org/so3_27a.jpg,1
http://marauder.org/so3_28a.jpg,1
http://marauder.org/so3_29a.jpg,1
http://marauder.org/so3_30a.jpg,1
http://marauder.org/so3_31a.jpg,1
http://marauder.org/so3_32a.jpg,1
http://marauder.org/spearhd.gif,1
http://marauder.org/specforc.gif,1
http://marauder.org/sprhdcvr.jpg,3
http://marauder.org/squires.gif,2
http://marauder.org/star.gif,22
http://marauder.org/sugeta.jpg,2
http://marauder.org/tH_001.jpg,1
http://marauder.org/tH_002.jpg,1
http://marauder.org/tH_003.jpg,1
http://marauder.org/tH_004.jpg,1
http://marauder.org/tH_005.jpg,1
http://marauder.org/tH_006.jpg,1
http://marauder.org/tH_007.jpg,1
http://marauder.org/tH_008.jpg,1
http://marauder.org/tH_009.jpg,1
http://marauder.org/tH_010.jpg,1
http://marauder.org/tH_011.jpg,1
http://marauder.org/tH_012.jpg,1
http://marauder.org/tH_013.jpg,1
http://marauder.org/tH_014.jpg,1
http://marauder.org/tH_015.jpg,1
http://marauder.org/tH_016.jpg,1
http://marauder.org/tH_017.jpg,1
http://marauder.org/tH_018.jpg,1
http://marauder.org/tH_019.jpg,1
http://marauder.org/tH_020.jpg,1
http://marauder.org/tH_021.jpg,1
http://marauder.org/tH_022.jpg,1
http://marauder.org/tH_023.jpg,1
http://marauder.org/tH_024.jpg,1
http://marauder.org/tH_025.jpg,1
http://marauder.org/tH_026.jpg,1
http://marauder.org/tH_027.jpg,1
http://marauder.org/tH_028.jpg,1
http://marauder.org/tH_029.jpg,1
http://marauder.org/tH_030.jpg,1
http://marauder.org/tH_031.jpg,1
http://marauder.org/tH_032.jpg,1
http://marauder.org/tH_033.jpg,1
http://marauder.org/tH_034.jpg,1
http://marauder.org/tH_035.jpg,1
http://marauder.org/tH_036.jpg,1
http://marauder.org/tH_037.jpg,1
http://marauder.org/tH_038.jpg,1
http://marauder.org/tH_039.jpg,1
http://marauder.org/tH_040.jpg,1
http://marauder.org/tH_041.jpg,1
http://marauder.org/tH_042.jpg,1
http://marauder.org/tH_043.jpg,1
http://marauder.org/tH_044.jpg,1
http://marauder.org/tH_045.jpg,1
http://marauder.org/tH_046.jpg,1
http://marauder.org/tH_047.jpg,1
http://marauder.org/tH_048.jpg,1
http://marauder.org/tH_049.jpg,1
http://marauder.org/tH_050.jpg,1
http://marauder.org/tH_051.jpg,1
http://marauder.org/tH_052.jpg,1
http://marauder.org/tH_053.jpg,1
http://marauder.org/tH_054.jpg,1
http://marauder.org/tH_055.jpg,1
http://marauder.org/tH_056.jpg,1
http://marauder.org/tH_057.jpg,1
http://marauder.org/tH_058.jpg,1
http://marauder.org/tH_059.jpg,1
http://marauder.org/tH_060.jpg,1
http://marauder.org/tH_061.jpg,1
http://marauder.org/tH_062.jpg,1
http://marauder.org/tH_063.jpg,1
http://marauder.org/tH_064.jpg,1
http://marauder.org/tH_065.jpg,1
http://marauder.org/tH_066.jpg,1
http://marauder.org/tH_067.jpg,1
http://marauder.org/tH_068.jpg,1
http://marauder.org/tH_069.jpg,1
http://marauder.org/tH_070.jpg,1
http://marauder.org/tH_071.jpg,1
http://marauder.org/tH_072.jpg,1
http://marauder.org/tH_073.jpg,1
http://marauder.org/tH_074.jpg,1
http://marauder.org/tH_075.jpg,1
http://marauder.org/tH_076.jpg,1
http://marauder.org/tH_077.jpg,1
http://marauder.org/tH_078.jpg,1
http://marauder.org/tH_079.jpg,1
http://marauder.org/tH_080.jpg,1
http://marauder.org/tH_081.jpg,1
http://marauder.org/tH_082.jpg,1
http://marauder.org/tH_083.jpg,1
http://marauder.org/tH_084.jpg,1
http://marauder.org/tH_085.jpg,1
http://marauder.org/tH_086.jpg,1
http://marauder.org/tH_087.jpg,1
http://marauder.org/tH_088.jpg,1
http://marauder.org/tH_089.jpg,1
http://marauder.org/tH_090.jpg,1
http://marauder.org/tH_091.jpg,1
http://marauder.org/tH_092.jpg,1
http://marauder.org/tH_093.jpg,1
http://marauder.org/tH_094.jpg,1
http://marauder.org/tH_095.jpg,1
http://marauder.org/tH_096.jpg,1
http://marauder.org/tH_097.jpg,1
http://marauder.org/tH_098.jpg,1
http://marauder.org/tH_099.jpg,1
http://marauder.org/tH_100.jpg,1
http://marauder.org/tH_101.jpg,1
http://marauder.org/tH_102.jpg,1
http://marauder.org/tH_103.jpg,1
http://marauder.org/tH_104.jpg,1
http://marauder.org/tH_105.jpg,1
http://marauder.org/tH_106.jpg,1
http://marauder.org/tH_107.jpg,1
http://marauder.org/tH_108.jpg,1
http://marauder.org/tH_109.jpg,1
http://marauder.org/tH_110.jpg,1
http://marauder.org/tH_111.jpg,1
http://marauder.org/tH_112.jpg,1
http://marauder.org/tH_113.jpg,1
http://marauder.org/tH_114.jpg,1
http://marauder.org/tH_115.jpg,1
http://marauder.org/tH_116.jpg,1
http://marauder.org/tH_117.jpg,1
http://marauder.org/tH_118.jpg,1
http://marauder.org/tH_119.jpg,1
http://marauder.org/tH_120.jpg,1
http://marauder.org/tH_121.jpg,1
http://marauder.org/tH_122X.jpg,1
http://marauder.org/tH_123X.jpg,1
http://marauder.org/tH_124X.jpeg,1
http://marauder.org/tH_125X.jpeg,1
http://marauder.org/tH_126X.jpeg,1
http://marauder.org/tH_127.jpg,1
http://marauder.org/tH_128.jpg,1
http://marauder.org/tH_129.jpg,1
http://marauder.org/tH_130.jpg,1
http://marauder.org/tH_131.jpg,1
http://marauder.org/tH_132.jpg,1
http://marauder.org/tH_133.jpg,1
http://marauder.org/tH_134.jpg,1
http://marauder.org/tH_135.jpg,1
http://marauder.org/tH_136.jpg,1
http://marauder.org/tH_137.jpg,1
http://marauder.org/tH_138.jpg,1
http://marauder.org/tH_139.jpg,1
http://marauder.org/tH_140.jpg,1
http://marauder.org/tH_141.jpg,1
http://marauder.org/tH_142.jpg,1
http://marauder.org/tH_143.jpg,1
http://marauder.org/tH_144.jpg,1
http://marauder.org/tR_001.jpg,1
http://marauder.org/tR_002.jpg,1
http://marauder.org/tR_003.jpg,1
http://marauder.org/tR_004.jpg,1
http://marauder.org/tR_005.jpg,1
http://marauder.org/tR_006.jpg,1
http://marauder.org/tR_007.jpg,1
http://marauder.org/tR_008.jpg,1
http://marauder.org/tR_009.jpg,1
http://marauder.org/tR_010.jpg,1
http://marauder.org/tR_011.jpg,1
http://marauder.org/tR_012.jpg,1
http://marauder.org/tR_013.jpg,1
http://marauder.org/tR_014.jpg,1
http://marauder.org/tR_015.jpg,1
http://marauder.org/tR_016.jpg,1
http://marauder.org/tR_017.jpg,1
http://marauder.org/tR_018.jpg,1
http://marauder.org/tR_019.jpg,1
http://marauder.org/tR_020.jpg,1
http://marauder.org/tR_021.jpg,1
http://marauder.org/tR_022.jpg,1
http://marauder.org/tR_023.jpg,1
http://marauder.org/tR_024.jpg,1
http://marauder.org/tR_025.jpg,1
http://marauder.org/tR_026.jpg,1
http://marauder.org/tR_027.jpg,1
http://marauder.org/t_1.jpg,1
http://marauder.org/t_10.jpg,1
http://marauder.org/t_100.jpg,1
http://marauder.org/t_101.jpg,1
http://marauder.org/t_102.jpg,1
http://marauder.org/t_103.jpg,1
http://marauder.org/t_104.jpg,1
http://marauder.org/t_105.jpg,1
http://marauder.org/t_106.jpg,1
http://marauder.org/t_107.jpg,1
http://marauder.org/t_108.jpg,1
http://marauder.org/t_109.jpg,1
http://marauder.org/t_11.jpg,1
http://marauder.org/t_110.jpg,1
http://marauder.org/t_111.jpg,1
http://marauder.org/t_112.jpg,1
http://marauder.org/t_113.jpg,1
http://marauder.org/t_114.jpg,1
http://marauder.org/t_115.jpg,1
http://marauder.org/t_116.jpg,1
http://marauder.org/t_117.jpg,1
http://marauder.org/t_118.jpg,1
http://marauder.org/t_119.jpg,1
http://marauder.org/t_12.jpg,1
http://marauder.org/t_120.jpg,1
http://marauder.org/t_121.jpg,1
http://marauder.org/t_122.jpg,1
http://marauder.org/t_123.jpg,1
http://marauder.org/t_124.jpg,1
http://marauder.org/t_125.jpg,1
http://marauder.org/t_126.jpg,1
http://marauder.org/t_127.jpg,1
http://marauder.org/t_128.jpg,1
http://marauder.org/t_129.jpg,1
http://marauder.org/t_13.jpg,1
http://marauder.org/t_130.jpg,1
http://marauder.org/t_131.jpg,1
http://marauder.org/t_132.jpg,1
http://marauder.org/t_133.jpg,1
http://marauder.org/t_134.jpg,1
http://marauder.org/t_135.jpg,1
http://marauder.org/t_136.jpg,1
http://marauder.org/t_137.jpg,1
http://marauder.org/t_138.jpg,1
http://marauder.org/t_139.jpg,1
http://marauder.org/t_14.jpg,1
http://marauder.org/t_140.jpg,1
http://marauder.org/t_141.jpg,1
http://marauder.org/t_142.jpg,1
http://marauder.org/t_143.jpg,1
http://marauder.org/t_144.jpg,1
http://marauder.org/t_15.jpg,1
http://marauder.org/t_16.jpg,1
http://marauder.org/t_17.jpg,1
http://marauder.org/t_18.jpg,1
http://marauder.org/t_19.jpg,1
http://marauder.org/t_2.jpg,1
http://marauder.org/t_20.jpg,1
http://marauder.org/t_21.jpg,1
http://marauder.org/t_22.jpg,1
http://marauder.org/t_23.jpg,1
http://marauder.org/t_24.jpg,1
http://marauder.org/t_25.jpg,1
http://marauder.org/t_26.jpg,1
http://marauder.org/t_27.jpg,1
http://marauder.org/t_28.jpg,1
http://marauder.org/t_29.jpg,1
http://marauder.org/t_3.jpg,1
http://marauder.org/t_30.jpg,1
http://marauder.org/t_31.jpg,1
http://marauder.org/t_32.jpg,1
http://marauder.org/t_33.jpg,1
http://marauder.org/t_34.jpg,1
http://marauder.org/t_35.jpg,1
http://marauder.org/t_36.jpg,1
http://marauder.org/t_37.jpg,1
http://marauder.org/t_38.jpg,1
http://marauder.org/t_39.jpg,1
http://marauder.org/t_4.jpg,1
http://marauder.org/t_40.jpg,1
http://marauder.org/t_41.jpg,1
http://marauder.org/t_42.jpg,1
http://marauder.org/t_43.jpg,1
http://marauder.org/t_44.jpg,1
http://marauder.org/t_45.jpg,1
http://marauder.org/t_46.jpg,1
http://marauder.org/t_47.jpg,1
http://marauder.org/t_48.jpg,1
http://marauder.org/t_49.jpg,1
http://marauder.org/t_5.jpg,1
http://marauder.org/t_50.jpg,1
http://marauder.org/t_51.jpg,1
http://marauder.org/t_52.jpg,1
http://marauder.org/t_53.jpg,1
http://marauder.org/t_54.jpg,1
http://marauder.org/t_55.jpg,1
http://marauder.org/t_56.jpg,1
http://marauder.org/t_57.jpg,1
http://marauder.org/t_58.jpg,1
http://marauder.org/t_59.jpg,1
http://marauder.org/t_6.jpg,1
http://marauder.org/t_60.jpg,1
http://marauder.org/t_61.jpg,1
http://marauder.org/t_62.jpg,1
http://marauder.org/t_63.jpg,1
http://marauder.org/t_64.jpg,1
http://marauder.org/t_65.jpg,1
http://marauder.org/t_66.jpg,1
http://marauder.org/t_67.jpg,1
http://marauder.org/t_68.jpg,1
http://marauder.org/t_69.jpg,1
http://marauder.org/t_7.jpg,1
http://marauder.org/t_70.jpg,1
http://marauder.org/t_71.jpg,1
http://marauder.org/t_72.jpg,1
http://marauder.org/t_73.jpg,1
http://marauder.org/t_74.jpg,1
http://marauder.org/t_75.jpg,1
http://marauder.org/t_76.jpg,1
http://marauder.org/t_77.jpg,1
http://marauder.org/t_78.jpg,1
http://marauder.org/t_79.jpg,1
http://marauder.org/t_8.jpg,1
http://marauder.org/t_80.jpg,1
http://marauder.org/t_81.jpg,1
http://marauder.org/t_82.jpg,1
http://marauder.org/t_83.jpg,1
http://marauder.org/t_84.jpg,1
http://marauder.org/t_85.jpg,1
http://marauder.org/t_86.jpg,1
http://marauder.org/t_87.jpg,1
http://marauder.org/t_88.jpg,1
http://marauder.org/t_89.jpg,1
http://marauder.org/t_9.jpg,1
http://marauder.org/t_90.jpg,1
http://marauder.org/t_91.jpg,1
http://marauder.org/t_92.jpg,1
http://marauder.org/t_93.jpg,1
http://marauder.org/t_94.jpg,1
http://marauder.org/t_95.jpg,1
http://marauder.org/t_96.jpg,1
http://marauder.org/t_97.jpg,1
http://marauder.org/t_98.jpg,1
http://marauder.org/t_99.jpg,1
http://marauder.org/t_proc.jpg,2
http://marauder.org/t_weapon.gif,1
http://marauder.org/tc1c.gif,1
http://marauder.org/tennproc.gif,1
http://marauder.org/tennseal.gif,1
http://marauder.org/titleKR.gif,1
http://marauder.org/titlebdg.gif,1
http://marauder.org/titlepas.gif,7
http://marauder.org/tommygun.gif,1
http://marauder.org/top100_2.jpg,1
http://marauder.org/tourch.gif,4
http://marauder.org/turret.gif,2
http://marauder.org/updated.gif,1
http://marauder.org/us_pin.gif,1
http://marauder.org/usamove.gif,1
http://marauder.org/usflag2.gif,2
http://marauder.org/vet1.jpg,1
http://marauder.org/vet2.jpg,1
http://marauder.org/vetsawd.jpg,1
http://marauder.org/videobxb.jpg,1
http://marauder.org/videobxf.jpg,1
http://marauder.org/warrent.jpg,1
http://marauder.org/welcome.gif,1
http://marauder.org/wildhors.gif,1
http://marauder.org/wingsawd.gif,1
http://marauder.org/ww2medic.gif,1
http://marauder.org/ww2rwb.gif,1
http://marauder.org/wwiimem.gif,2
http://marauder.org/yamaguch.gif,2
http://marauder.org/yankbanr.gif,1
http://marauder.org/yankdr.gif,1
http://marauder.org/yankpatc.gif,2
http://marauder.org/yoshimur.jpg,2
http://marauder.org/zoologo.gif,1
http://web11.topchoice.com/cgi-bin/Count2.cgi?df=5307th&dd=B&st=10900,1
http://www.marauder.org/b_home.gif,1
